,MAE,R2
4-Wheelers,39.74200582202991,-9.091094811134456
