Metric,EV_Dataset.csv,Data_Push_Pipeline
MAE,19.673520386763506,19.635233288737588
R²,-1.0050907793622206,-1.001240643959874
Processing_Time_ms,44743.950605392456,44162.20235824585
Total_Records,226495.0,226479.0
