Metric,EV_Dataset.csv,Data_Push_Pipeline
MAE,19.62740500320152,135.44871794871796
R²,-0.9990571683643101,-1.120957505585281
Processing_Time_ms,36538.76805305481,209.03706550598145
Total_Records,226455.0,780.0
