Category,Model_Type,Test_Records,MAE,RMSE,R2_Score
3-Wheelers,Specialized Monthly,87,598.4719560671128,1653.7643428114998,0.0585237644658827
Bus,Specialized Monthly,51,24.092427542886966,30.02964599329858,0.5682593159136224
2-Wheelers,Standard Daily,7952,0.06317849864904791,0.18449989527787825,0.9999914763222864
4-Wheelers,Standard Daily,7952,0.030004326996099572,0.08073387745971045,0.9999726313662513
Others,Standard Daily,7782,0.003856794396052561,0.012210675667500476,0.9999853359616847
