category,type,mae,rmse,r2,records
2-Wheelers,daily,41.45699048585519,52.54649813389311,-0.9986687709032767,6794
4-Wheelers,daily,8.10859338634956,10.315290765705706,-0.9906904438961659,6794
Bus,monthly,3.354028147815207,4.757172995477662,0.9036994548803714,186
3-Wheelers,monthly,19.984787038914416,32.6018842233758,0.9289080507600419,186
Others,daily,3.9302179630662732,5.022914939693171,-1.0012471739340145,6794
